"Status","Start Time","Stop Time","Duration in ms","Parent Suite","Suite","Sub Suite","Test Class","Test Method","Name","Description"
"passed","Wed Jun 12 13:13:43 AMT 2024","Wed Jun 12 13:13:44 AMT 2024","534","test_dir1","test_posts","","","","test_add_post",""
"passed","Wed Jun 12 13:13:45 AMT 2024","Wed Jun 12 13:13:45 AMT 2024","282","test_dir1","test_posts","","","","test_path_post",""
"broken","Wed Jun 12 13:13:47 AMT 2024","Wed Jun 12 13:13:47 AMT 2024","1","test_dir1","test_posts","","","","test_two[68]",""
"broken","Wed Jun 12 13:13:46 AMT 2024","Wed Jun 12 13:13:46 AMT 2024","2","test_dir1","test_posts","","","","test_two[48]",""
"broken","Wed Jun 12 13:13:46 AMT 2024","Wed Jun 12 13:13:46 AMT 2024","0","test_dir1","test_posts","","","","test_one",""
"passed","Wed Jun 12 13:13:46 AMT 2024","Wed Jun 12 13:13:46 AMT 2024","200","test_dir1","test_posts","","","","test_delete_post",""
"failed","Wed Jun 12 13:13:42 AMT 2024","Wed Jun 12 13:13:42 AMT 2024","57","test_dir1","test_posts","","","","get one post title","get one post description"
"broken","Wed Jun 12 13:13:47 AMT 2024","Wed Jun 12 13:13:47 AMT 2024","1","test_dir1","test_posts","","","","test_two[31]",""
"skipped","Wed Jun 12 13:13:47 AMT 2024","Wed Jun 12 13:13:47 AMT 2024","0","test_dir1","test_posts","","","","test_negative_delete_post",""
"passed","Wed Jun 12 13:13:44 AMT 2024","Wed Jun 12 13:13:44 AMT 2024","202","test_dir1","test_posts","","","","test_put_post",""
"passed","Wed Jun 12 13:13:43 AMT 2024","Wed Jun 12 13:13:43 AMT 2024","592","test_dir1","test_posts","","","","test_get_message_by_post_id",""
"broken","Wed Jun 12 13:13:47 AMT 2024","Wed Jun 12 13:13:47 AMT 2024","0","test_dir1","test_posts","","","","test_two[40]",""
"passed","Wed Jun 12 13:13:43 AMT 2024","Wed Jun 12 13:13:43 AMT 2024","60","test_dir1","test_posts","","","","test_get_all_posts",""
"broken","Wed Jun 12 13:13:47 AMT 2024","Wed Jun 12 13:13:47 AMT 2024","1","test_dir1","test_posts","","","","test_two[15]",""
